video_name;wrong_prediction
008_990.mp4;5
011_805.mp4;8
012_026.mp4;4
019_018.mp4;3
021_312.mp4;4
033_097.mp4;7
048_029.mp4;6
056_996.mp4;3
063_041.mp4;3
071_054.mp4;3
080_061.mp4;4
091_116.mp4;3
094_111.mp4;5
095_053.mp4;6
101_096.mp4;3
103_082.mp4;3
104_126.mp4;5
127_129.mp4;5
129_127.mp4;4
133_148.mp4;6
139_130.mp4;4
142_138.mp4;5
148_133.mp4;6
154_386.mp4;7
155_576.mp4;5
156_243.mp4;4
165_137.mp4;3
168_222.mp4;5
175_159.mp4;3
178_598.mp4;7
179_212.mp4;5
195_442.mp4;3
201_203.mp4;5
207_908.mp4;3
209_016.mp4;3
210_241.mp4;7
220_219.mp4;3
221_206.mp4;8
224_197.mp4;3
233_995.mp4;8
238_282.mp4;3
239_218.mp4;5
240_290.mp4;7
256_146.mp4;3
260.mp4;3
265_475.mp4;3
277_335.mp4;9
283_313.mp4;3
287_426.mp4;6
300_304.mp4;3
301_262.mp4;8
303_309.mp4;4
305.mp4;4
308_388.mp4;3
310_196.mp4;3
318_334.mp4;3
326_501.mp4;8
329_327.mp4;3
330_162.mp4;4
332_051.mp4;3
336_338.mp4;5
345_259.mp4;4
346_351.mp4;3
349_350.mp4;4
351_346.mp4;5
352_319.mp4;4
357_432.mp4;3
358_380.mp4;3
380_358.mp4;4
387_311.mp4;5
401_395.mp4;3
403_497.mp4;4
404_429.mp4;3
405_393.mp4;4
406_391.mp4;3
419_824.mp4;3
420_257.mp4;4
423_421.mp4;8
427_637.mp4;3
440.mp4;3
443_514.mp4;4
445_494.mp4;8
453_402.mp4;3
456_435.mp4;3
464_463.mp4;3
470_468.mp4;3
472_511.mp4;3
473_366.mp4;6
486_680.mp4;3
496_417.mp4;5
510_528.mp4;7
511_472.mp4;3
517_521.mp4;5
518_131.mp4;3
522_337.mp4;5
532_544.mp4;3
539_499.mp4;3
540_536.mp4;4
544_532.mp4;3
548_632.mp4;8
566_617.mp4;7
573.mp4;3
577_593.mp4;3
594_530.mp4;7
608_675.mp4;7
626_562.mp4;4
628_568.mp4;5
636_578.mp4;4
647_622.mp4;3
657_644.mp4;3
661_670.mp4;3
685_613.mp4;5
695_422.mp4;3
702_612.mp4;3
705_707.mp4;3
716_712.mp4;3
727_729.mp4;3
728_673.mp4;6
731_741.mp4;3
736_785.mp4;4
746_571.mp4;5
757_573.mp4;4
759_755.mp4;3
760_611.mp4;4
764_850.mp4;5
765_867.mp4;3
767_694.mp4;3
784_769.mp4;7
787_782.mp4;3
788_710.mp4;3
794_779.mp4;3
796_740.mp4;5
801_855.mp4;3
806_781.mp4;3
807_273.mp4;4
823_584.mp4;5
824_419.mp4;8
830_828.mp4;3
836_950.mp4;5
838_810.mp4;3
840_800.mp4;3
853_863.mp4;3
860_905.mp4;4
866_878.mp4;5
869_780.mp4;5
869.mp4;4
870_001.mp4;5
873_872.mp4;8
879_963.mp4;5
880_135.mp4;3
881_856.mp4;4
890_837.mp4;4
898_922.mp4;3
907_795.mp4;3
908_207.mp4;4
912_927.mp4;4
918_934.mp4;4
936_931.mp4;3
942_943.mp4;6
943_942.mp4;3
951_947.mp4;6
952_882.mp4;3
966_988.mp4;5
973_970.mp4;6
985_981.mp4;3
992_980.mp4;3
994_986.mp4;4
167;715