video_name;wrong_prediction_count
019_018;3
056_996;3
063_041;3
071_054;3
094_111;3
101_096;3
103_082;3
165_137;3
175_159;3
195_442;3
207_908;3
224_197;3
238_282;3
256_146;3
260;3
265_475;3
283_313;3
300_304;3
301_262;3
305;3
308_388;3
310_196;3
318_334;3
329_327;3
332_051;3
346_351;3
358_380;3
401_395;3
405_393;3
406_391;3
440;3
453_402;3
456_435;3
464_463;3
470_468;3
472_511;3
473_366;3
486_680;3
496_417;3
510_528;3
517_521;3
518_131;3
532_544;3
539_499;3
573;3
608_675;3
647_622;3
657_644;3
661_670;3
695_422;3
702_612;3
716_712;3
727_729;3
728_673;3
746_571;3
765_867;3
767_694;3
787_782;3
788_710;3
796_740;3
806_781;3
838_810;3
840_800;3
853_863;3
860_905;3
880_135;3
898_922;3
908_207;3
936_931;3
943_942;3
952_882;3
973_970;3
992_980;3
012_026;4
021_312;4
080_061;4
083_213;4
104_126;4
129_127;4
139_130;4
148_133;4
156_243;4
221_206;4
303_309;4
330_162;4
344_020;4
352_319;4
380_358;4
403_497;4
420_257;4
540_536;4
636_578;4
645_688;4
757_573;4
784_769;4
881_856;4
890_837;4
912_927;4
918_934;4
008_990;5
142_138;5
155_576;5
168_222;5
179_212;5
201_203;5
240_290;5
336_338;5
351_346;5
387_311;5
522_337;5
628_568;5
685_613;5
836_950;5
866_878;5
870_001;5
879_963;5
951_947;5
966_988;5
095_053;6
133_148;6
231_663;6
277_335;6
287_426;6
942_943;6
178_598;7
210_241;7
326_501;8
423_421;8