video_name;wrong_predictions
002.mp4;1
003.mp4;1
005.mp4;1
006.mp4;1
007.mp4;2
008.mp4;5
010.mp4;1
011.mp4;8
012.mp4;4
014.mp4;1
015.mp4;2
017.mp4;1
019.mp4;3
021.mp4;4
022.mp4;1
023.mp4;1
028.mp4;1
029.mp4;2
033.mp4;7
036.mp4;1
038.mp4;1
040.mp4;2
043.mp4;1
044.mp4;1
047.mp4;2
048.mp4;6
053.mp4;1
054.mp4;1
055.mp4;2
056.mp4;3
057.mp4;2
058.mp4;1
060.mp4;2
061.mp4;1
062.mp4;1
063.mp4;3
067.mp4;2
068.mp4;1
071.mp4;4
072.mp4;1
075.mp4;2
077.mp4;2
079.mp4;1
080.mp4;4
083.mp4;9
084.mp4;2
088.mp4;2
091.mp4;3
094.mp4;5
095.mp4;6
097.mp4;3
100.mp4;1
101.mp4;5
102.mp4;1
103.mp4;3
104.mp4;5
107.mp4;2
112.mp4;1
114.mp4;1
116.mp4;1
121.mp4;1
122.mp4;1
123.mp4;2
124.mp4;3
127.mp4;5
128.mp4;1
129.mp4;4
130.mp4;2
131.mp4;1
132.mp4;1
133.mp4;6
134.mp4;1
136.mp4;2
139.mp4;4
140.mp4;1
141.mp4;1
142.mp4;5
144.mp4;1
145.mp4;1
148.mp4;6
150.mp4;2
152.mp4;1
154.mp4;7
155.mp4;5
156.mp4;4
157.mp4;1
165.mp4;3
166.mp4;2
168.mp4;5
169.mp4;2
173.mp4;1
174.mp4;1
175.mp4;3
176.mp4;1
178.mp4;7
179.mp4;5
181.mp4;2
182.mp4;1
183.mp4;1
186.mp4;17
187.mp4;1
190.mp4;1
191.mp4;1
192.mp4;1
194.mp4;2
195.mp4;3
198.mp4;3
201.mp4;5
205.mp4;1
206.mp4;1
207.mp4;3
208.mp4;1
209.mp4;3
210.mp4;7
211.mp4;2
216.mp4;2
217.mp4;1
220.mp4;3
221.mp4;8
222.mp4;2
223.mp4;1
224.mp4;3
225.mp4;1
226.mp4;2
228.mp4;1
231.mp4;9
232.mp4;2
233.mp4;9
234.mp4;2
235.mp4;1
237.mp4;1
238.mp4;3
239.mp4;5
240.mp4;7
243.mp4;1
244.mp4;2
248.mp4;2
249.mp4;2
250.mp4;1
252.mp4;1
254.mp4;2
256.mp4;3
257.mp4;2
258.mp4;1
260.mp4;3
261.mp4;1
263.mp4;2
265.mp4;3
269.mp4;2
271.mp4;1
274.mp4;2
276.mp4;1
277.mp4;9
278.mp4;1
279.mp4;2
280.mp4;2
283.mp4;3
284.mp4;1
285.mp4;1
287.mp4;6
288.mp4;1
289.mp4;2
291.mp4;2
294.mp4;1
297.mp4;2
298.mp4;2
299.mp4;2
300.mp4;3
301.mp4;8
302.mp4;2
303.mp4;4
305.mp4;14
308.mp4;3
309.mp4;1
310.mp4;3
312.mp4;1
313.mp4;1
314.mp4;1
315.mp4;2
317.mp4;1
318.mp4;3
319.mp4;1
325.mp4;2
326.mp4;9
329.mp4;3
330.mp4;4
331.mp4;2
332.mp4;5
335.mp4;1
336.mp4;5
337.mp4;2
339.mp4;1
340.mp4;1
342.mp4;1
343.mp4;2
344.mp4;9
345.mp4;6
346.mp4;3
347.mp4;1
348.mp4;2
349.mp4;4
350.mp4;2
351.mp4;5
352.mp4;4
356.mp4;2
357.mp4;3
358.mp4;3
359.mp4;1
361.mp4;1
371.mp4;1
373.mp4;1
374.mp4;1
376.mp4;1
378.mp4;1
379.mp4;2
380.mp4;4
382.mp4;2
383.mp4;1
386.mp4;1
387.mp4;5
390.mp4;1
392.mp4;2
393.mp4;1
398.mp4;1
399.mp4;2
400.mp4;2
401.mp4;3
402.mp4;2
403.mp4;4
404.mp4;4
405.mp4;4
406.mp4;3
409.mp4;2
411.mp4;2
416.mp4;1
419.mp4;3
420.mp4;4
423.mp4;8
425.mp4;1
427.mp4;3
429.mp4;1
430.mp4;1
432.mp4;1
433.mp4;1
437.mp4;1
438.mp4;2
440.mp4;4
443.mp4;4
445.mp4;8
446.mp4;4
447.mp4;2
452.mp4;2
453.mp4;3
456.mp4;3
458.mp4;1
461.mp4;2
464.mp4;5
466.mp4;2
467.mp4;1
469.mp4;1
470.mp4;3
471.mp4;2
472.mp4;3
473.mp4;6
477.mp4;2
478.mp4;1
483.mp4;2
485.mp4;2
486.mp4;3
489.mp4;1
491.mp4;2
492.mp4;1
493.mp4;1
494.mp4;1
496.mp4;5
497.mp4;1
499.mp4;1
500.mp4;2
502.mp4;1
504.mp4;1
505.mp4;2
506.mp4;1
510.mp4;7
511.mp4;3
512.mp4;2
514.mp4;2
515.mp4;1
517.mp4;5
518.mp4;3
519.mp4;1
522.mp4;6
524.mp4;2
525.mp4;1
526.mp4;1
529.mp4;1
530.mp4;1
532.mp4;3
536.mp4;2
539.mp4;3
540.mp4;4
542.mp4;2
544.mp4;3
545.mp4;3
546.mp4;1
547.mp4;1
548.mp4;8
549.mp4;1
551.mp4;2
554.mp4;20
555.mp4;1
556.mp4;1
557.mp4;1
560.mp4;1
563.mp4;1
566.mp4;8
567.mp4;1
568.mp4;1
571.mp4;1
572.mp4;1
573.mp4;3
574.mp4;1
577.mp4;3
578.mp4;1
582.mp4;1
583.mp4;2
587.mp4;3
588.mp4;1
590.mp4;2
593.mp4;1
594.mp4;7
597.mp4;1
599.mp4;3
602.mp4;2
604.mp4;1
607.mp4;1
608.mp4;8
613.mp4;1
617.mp4;2
619.mp4;2
620.mp4;2
623.mp4;2
624.mp4;1
626.mp4;4
627.mp4;1
628.mp4;5
629.mp4;1
630.mp4;2
631.mp4;1
632.mp4;2
635.mp4;2
636.mp4;4
637.mp4;1
638.mp4;1
639.mp4;1
640.mp4;2
641.mp4;1
642.mp4;1
643.mp4;1
644.mp4;2
645.mp4;9
646.mp4;1
647.mp4;3
648.mp4;1
651.mp4;1
652.mp4;2
653.mp4;1
656.mp4;1
657.mp4;3
659.mp4;2
661.mp4;3
667.mp4;1
668.mp4;2
669.mp4;2
673.mp4;2
674.mp4;1
675.mp4;1
676.mp4;1
680.mp4;1
681.mp4;1
682.mp4;1
685.mp4;5
686.mp4;1
687.mp4;1
688.mp4;1
692.mp4;1
695.mp4;3
698.mp4;1
700.mp4;2
701.mp4;1
702.mp4;3
703.mp4;1
704.mp4;2
705.mp4;3
707.mp4;2
708.mp4;2
712.mp4;1
715.mp4;3
716.mp4;3
717.mp4;2
718.mp4;2
720.mp4;2
722.mp4;2
726.mp4;1
727.mp4;3
728.mp4;6
729.mp4;1
731.mp4;3
734.mp4;3
735.mp4;1
736.mp4;4
737.mp4;1
742.mp4;1
743.mp4;1
744.mp4;1
746.mp4;5
749.mp4;1
752.mp4;2
756.mp4;2
757.mp4;4
759.mp4;3
760.mp4;4
762.mp4;1
764.mp4;5
765.mp4;3
767.mp4;3
768.mp4;1
771.mp4;1
777.mp4;2
779.mp4;1
784.mp4;7
786.mp4;1
787.mp4;3
788.mp4;3
790.mp4;1
794.mp4;3
795.mp4;2
796.mp4;5
797.mp4;1
799.mp4;2
801.mp4;3
802.mp4;2
806.mp4;3
807.mp4;4
808.mp4;1
811.mp4;2
812.mp4;2
813.mp4;1
815.mp4;1
817.mp4;1
819.mp4;2
820.mp4;1
821.mp4;1
823.mp4;5
824.mp4;8
826.mp4;1
828.mp4;2
829.mp4;2
830.mp4;3
833.mp4;3
835.mp4;1
836.mp4;5
838.mp4;3
840.mp4;3
845.mp4;1
846.mp4;1
847.mp4;3
848.mp4;1
850.mp4;2
853.mp4;3
858.mp4;2
859.mp4;1
860.mp4;4
866.mp4;5
869.mp4;9
870.mp4;6
872.mp4;1
873.mp4;8
874.mp4;2
878.mp4;2
879.mp4;5
880.mp4;3
881.mp4;4
886.mp4;1
887.mp4;1
889.mp4;2
890.mp4;4
891.mp4;1
892.mp4;1
896.mp4;3
897.mp4;1
898.mp4;3
900.mp4;1
901.mp4;2
902.mp4;1
903.mp4;2
907.mp4;3
908.mp4;4
909.mp4;1
910.mp4;2
911.mp4;2
912.mp4;4
913.mp4;1
914.mp4;2
915.mp4;1
917.mp4;2
918.mp4;6
919.mp4;1
921.mp4;1
922.mp4;1
925.mp4;2
926.mp4;1
927.mp4;1
929.mp4;2
930.mp4;2
933.mp4;2
934.mp4;1
935.mp4;3
936.mp4;3
938.mp4;1
942.mp4;6
943.mp4;3
945.mp4;3
946.mp4;1
948.mp4;1
949.mp4;1
950.mp4;1
951.mp4;6
952.mp4;3
954.mp4;1
955.mp4;1
956.mp4;1
957.mp4;1
958.mp4;1
960.mp4;1
961.mp4;1
965.mp4;2
966.mp4;5
968.mp4;2
969.mp4;1
970.mp4;1
971.mp4;1
973.mp4;6
974.mp4;1
975.mp4;2
976.mp4;1
977.mp4;1
978.mp4;2
979.mp4;1
981.mp4;1
984.mp4;1
985.mp4;3
989.mp4;1
992.mp4;3
994.mp4;4
995.mp4;2
998.mp4;1
